{"stats":{"minecraft:used":{"minecraft:dirt":1},"minecraft:mined":{"minecraft:grass_block":1,"minecraft:ice":5,"minecraft:fern":1},"minecraft:custom":{"minecraft:time_since_rest":2364,"minecraft:crouch_one_cm":4,"minecraft:play_time":2364,"minecraft:sprint_one_cm":11560,"minecraft:damage_taken":90,"minecraft:walk_one_cm":5325,"minecraft:sneak_time":17,"minecraft:walk_under_water_one_cm":557,"minecraft:mob_kills":1,"minecraft:drop":2,"minecraft:jump":85,"minecraft:damage_dealt":175,"minecraft:leave_game":1,"minecraft:time_since_death":2364,"minecraft:walk_on_water_one_cm":37,"minecraft:total_world_time":2364,"minecraft:fly_one_cm":25085,"minecraft:swim_one_cm":241,"minecraft:fall_one_cm":2299},"minecraft:picked_up":{"minecraft:leather":2,"minecraft:beef":1,"minecraft:dirt":1},"minecraft:dropped":{"minecraft:leather":2,"minecraft:beef":1},"minecraft:killed":{"minecraft:cow":1}},"DataVersion":3465}